<?xml version="1.0"?>
<doc>
    <assembly>
        <name>Microsoft.AspNetCore.Hosting.Abstractions</name>
    </assembly>
    <members>
        <member name="T:Microsoft.AspNetCore.Hosting.EnvironmentName">
            <summary>
            Commonly used environment names.
            </summary>
        </member>
        <member name="T:Microsoft.AspNetCore.Hosting.HostingEnvironmentExtensions">
            <summary>
            Extension methods for <see cref="T:Microsoft.AspNetCore.Hosting.IHostingEnvironment"/>.
            </summary>
        </member>
        <member name="M:Microsoft.AspNetCore.Hosting.HostingEnvironmentExtensions.IsDevelopment(Microsoft.AspNetCore.Hosting.IHostingEnvironment)">
            <summary>
            Checks if the current hosting environment name is "Development".
            </summary>
            <param name="hostingEnvironment">An instance of <see cref="T:Microsoft.AspNetCore.Hosting.IHostingEnvironment"/>.</param>
            <returns>True if the environment name is "Development", otherwise false.</returns>
        </member>
        <member name="M:Microsoft.AspNetCore.Hosting.HostingEnvironmentExtensions.IsStaging(Microsoft.AspNetCore.Hosting.IHostingEnvironment)">
            <summary>
            Checks if the current hosting environment name is "Staging".
            </summary>
            <param name="hostingEnvironment">An instance of <see cref="T:Microsoft.AspNetCore.Hosting.IHostingEnvironment"/>.</param>
            <returns>True if the environment name is "Staging", otherwise false.</returns>
        </member>
        <member name="M:Microsoft.AspNetCore.Hosting.HostingEnvironmentExtensions.IsProduction(Microsoft.AspNetCore.Hosting.IHostingEnvironment)">
            <summary>
            Checks if the current hosting environment name is "Production".
            </summary>
            <param name="hostingEnvironment">An instance of <see cref="T:Microsoft.AspNetCore.Hosting.IHostingEnvironment"/>.</param>
            <returns>True if the environment name is "Production", otherwise false.</returns>
        </member>
        <member name="M:Microsoft.AspNetCore.Hosting.HostingEnvironmentExtensions.IsEnvironment(Microsoft.AspNetCore.Hosting.IHostingEnvironment,System.String)">
            <summary>
            Compares the current hosting environment name against the specified value.
            </summary>
            <param name="hostingEnvironment">An instance of <see cref="T:Microsoft.AspNetCore.Hosting.IHostingEnvironment"/>.</param>
            <param name="environmentName">Environment name to validate against.</param>
            <returns>True if the specified name is the same as the current environment, otherwise false.</returns>
        </member>
        <member name="T:Microsoft.AspNetCore.Hosting.IApplicationLifetime">
            <summary>
            Allows consumers to perform cleanup during a graceful shutdown.
            </summary>
        </member>
        <member name="P:Microsoft.AspNetCore.Hosting.IApplicationLifetime.ApplicationStarted">
            <summary>
            Triggered when the application host has fully started and is about to wait
            for a graceful shutdown.
            </summary>
        </member>
        <member name="P:Microsoft.AspNetCore.Hosting.IApplicationLifetime.ApplicationStopping">
            <summary>
            Triggered when the application host is performing a graceful shutdown.
            Requests may still be in flight. Shutdown will block until this event completes.
            </summary>
        </member>
        <member name="P:Microsoft.AspNetCore.Hosting.IApplicationLifetime.ApplicationStopped">
            <summary>
            Triggered when the application host is performing a graceful shutdown.
            All requests should be complete at this point. Shutdown will block
            until this event completes.
            </summary>
        </member>
        <member name="M:Microsoft.AspNetCore.Hosting.IApplicationLifetime.StopApplication">
            <summary>
            Requests termination the current application.
            </summary>
        </member>
        <member name="T:Microsoft.AspNetCore.Hosting.IHostingEnvironment">
            <summary>
            Provides information about the web hosting environment an application is running in.
            </summary>
        </member>
        <member name="P:Microsoft.AspNetCore.Hosting.IHostingEnvironment.EnvironmentName">
            <summary>
            Gets or sets the name of the environment. This property is automatically set by the host to the value
            of the "ASPNETCORE_ENVIRONMENT" environment variable.
            </summary>
        </member>
        <member name="P:Microsoft.AspNetCore.Hosting.IHostingEnvironment.ApplicationName">
            <summary>
            Gets or sets the name of the application. This property is automatically set by the host to the assembly containing
            the application entry point.
            </summary>
        </member>
        <member name="P:Microsoft.AspNetCore.Hosting.IHostingEnvironment.WebRootPath">
            <summary>
            Gets or sets the absolute path to the directory that contains the web-servable application content files.
            </summary>
        </member>
        <member name="P:Microsoft.AspNetCore.Hosting.IHostingEnvironment.WebRootFileProvider">
            <summary>
            Gets or sets an <see cref="T:Microsoft.Extensions.FileProviders.IFileProvider"/> pointing at <see cref="P:Microsoft.AspNetCore.Hosting.IHostingEnvironment.WebRootPath"/>.
            </summary>
        </member>
        <member name="P:Microsoft.AspNetCore.Hosting.IHostingEnvironment.ContentRootPath">
            <summary>
            Gets or sets the absolute path to the directory that contains the application content files.
            </summary>
        </member>
        <member name="P:Microsoft.AspNetCore.Hosting.IHostingEnvironment.ContentRootFileProvider">
            <summary>
            Gets or sets an <see cref="T:Microsoft.Extensions.FileProviders.IFileProvider"/> pointing at <see cref="P:Microsoft.AspNetCore.Hosting.IHostingEnvironment.ContentRootPath"/>.
            </summary>
        </member>
        <member name="T:Microsoft.AspNetCore.Hosting.IWebHost">
            <summary>
            Represents a configured web host.
            </summary>
        </member>
        <member name="P:Microsoft.AspNetCore.Hosting.IWebHost.ServerFeatures">
            <summary>
            The <see cref="T:Microsoft.AspNetCore.Http.Features.IFeatureCollection"/> exposed by the configured server.
            </summary>
        </member>
        <member name="P:Microsoft.AspNetCore.Hosting.IWebHost.Services">
            <summary>
            The <see cref="T:System.IServiceProvider"/> for the host.
            </summary>
        </member>
        <member name="M:Microsoft.AspNetCore.Hosting.IWebHost.Start">
            <summary>
            Starts listening on the configured addresses.
            </summary>
        </member>
        <member name="T:Microsoft.AspNetCore.Hosting.IWebHostBuilder">
            <summary>
            A builder for <see cref="T:Microsoft.AspNetCore.Hosting.IWebHost"/>.
            </summary>
        </member>
        <member name="M:Microsoft.AspNetCore.Hosting.IWebHostBuilder.Build">
            <summary>
            Builds an <see cref="T:Microsoft.AspNetCore.Hosting.IWebHost"/> which hosts a web application.
            </summary>
        </member>
        <member name="M:Microsoft.AspNetCore.Hosting.IWebHostBuilder.UseLoggerFactory(Microsoft.Extensions.Logging.ILoggerFactory)">
            <summary>
            Specify the <see cref="T:Microsoft.Extensions.Logging.ILoggerFactory"/> to be used by the web host.
            </summary>
            <param name="loggerFactory">The <see cref="T:Microsoft.Extensions.Logging.ILoggerFactory"/> to be used.</param>
            <returns>The <see cref="T:Microsoft.AspNetCore.Hosting.IWebHostBuilder"/>.</returns>
        </member>
        <member name="M:Microsoft.AspNetCore.Hosting.IWebHostBuilder.UseStartup(System.Type)">
            <summary>
            Specify the startup type to be used by the web host. 
            </summary>
            <param name="startupType">The <see cref="T:System.Type"/> to be used.</param>
            <returns>The <see cref="T:Microsoft.AspNetCore.Hosting.IWebHostBuilder"/>.</returns>
        </member>
        <member name="M:Microsoft.AspNetCore.Hosting.IWebHostBuilder.ConfigureServices(System.Action{Microsoft.Extensions.DependencyInjection.IServiceCollection})">
            <summary>
            Specify the delegate that is used to configure the services of the web application.
            </summary>
            <param name="configureServices">The delegate that configures the <see cref="T:Microsoft.Extensions.DependencyInjection.IServiceCollection"/>.</param>
            <returns>The <see cref="T:Microsoft.AspNetCore.Hosting.IWebHostBuilder"/>.</returns>
        </member>
        <member name="M:Microsoft.AspNetCore.Hosting.IWebHostBuilder.Configure(System.Action{Microsoft.AspNetCore.Builder.IApplicationBuilder})">
            <summary>
            Specify the startup method to be used to configure the web application. 
            </summary>
            <param name="configureApplication">The delegate that configures the <see cref="T:Microsoft.AspNetCore.Builder.IApplicationBuilder"/>.</param>
            <returns>The <see cref="T:Microsoft.AspNetCore.Hosting.IWebHostBuilder"/>.</returns>
        </member>
        <member name="M:Microsoft.AspNetCore.Hosting.IWebHostBuilder.ConfigureLogging(System.Action{Microsoft.Extensions.Logging.ILoggerFactory})">
            <summary>
            Adds a delegate for configuring the provided <see cref="T:Microsoft.Extensions.Logging.ILoggerFactory"/>. This may be called multiple times.
            </summary>
            <param name="configureLogging">The delegate that configures the <see cref="T:Microsoft.Extensions.Logging.ILoggerFactory"/>.</param>
            <returns>The <see cref="T:Microsoft.AspNetCore.Hosting.IWebHostBuilder"/>.</returns>
        </member>
        <member name="M:Microsoft.AspNetCore.Hosting.IWebHostBuilder.UseSetting(System.String,System.String)">
            <summary>
            Add or replace a setting in the configuration.
            </summary>
            <param name="key">The key of the setting to add or replace.</param>
            <param name="value">The value of the setting to add or replace.</param>
            <returns>The <see cref="T:Microsoft.AspNetCore.Hosting.IWebHostBuilder"/>.</returns>
        </member>
        <member name="M:Microsoft.AspNetCore.Hosting.IWebHostBuilder.GetSetting(System.String)">
            <summary>
            Get the setting value from the configuration.
            </summary>
            <param name="key">The key of the setting to look up.</param>
            <returns>The value the setting currently contains.</returns>
        </member>
    </members>
</doc>
