<?xml version="1.0"?>
<doc>
    <assembly>
        <name>Microsoft.Extensions.PlatformAbstractions</name>
    </assembly>
    <members>
        <member name="T:Microsoft.Extensions.PlatformAbstractions.IApplicationEnvironment">
            <summary>
            Provides access to common application information.
            </summary>
        </member>
        <member name="P:Microsoft.Extensions.PlatformAbstractions.IApplicationEnvironment.ApplicationName">
            <summary>
            Gets the application name.
            </summary>
        </member>
        <member name="P:Microsoft.Extensions.PlatformAbstractions.IApplicationEnvironment.ApplicationVersion">
            <summary>
            Gets the version of the application, as specified in the project.json file.
            </summary>
        </member>
        <member name="P:Microsoft.Extensions.PlatformAbstractions.IApplicationEnvironment.ApplicationBasePath">
            <summary>
            Gets the base directory of the application, defined as the path to the directory containing the project.json file.
            </summary>
        </member>
        <member name="P:Microsoft.Extensions.PlatformAbstractions.IApplicationEnvironment.RuntimeFramework">
            <summary>
            Gets the target version and profile of the .NET Framework for the application.
            </summary>
        </member>
        <member name="T:Microsoft.Extensions.PlatformAbstractions.IRuntimeEnvironment">
            <summary>
            Provides access to the runtime environment.
            </summary>
        </member>
        <member name="P:Microsoft.Extensions.PlatformAbstractions.IRuntimeEnvironment.OperatingSystem">
            <summary>
            Gets the current operating system name.
            </summary>
        </member>
        <member name="P:Microsoft.Extensions.PlatformAbstractions.IRuntimeEnvironment.OperatingSystemVersion">
            <summary>
            Gets the current operating system version.
            </summary>
        </member>
        <member name="P:Microsoft.Extensions.PlatformAbstractions.IRuntimeEnvironment.OperatingSystemPlatform">
            <summary>
            Gets the current operating system platform.
            </summary>
        </member>
        <member name="P:Microsoft.Extensions.PlatformAbstractions.IRuntimeEnvironment.RuntimeType">
            <summary>
            Gets the runtime type. Common values include CLR, CoreCLR and Mono.
            </summary>
        </member>
        <member name="P:Microsoft.Extensions.PlatformAbstractions.IRuntimeEnvironment.RuntimeArchitecture">
            <summary>
            Gets the runtime architecture. Common values include x86 and x64.
            </summary>
        </member>
        <member name="P:Microsoft.Extensions.PlatformAbstractions.IRuntimeEnvironment.RuntimeVersion">
            <summary>
            Gets the runtime version.
            </summary>
        </member>
    </members>
</doc>
