<?xml version="1.0"?>
<doc>
    <assembly>
        <name>Microsoft.AspNetCore.WebUtilities</name>
    </assembly>
    <members>
        <member name="T:Microsoft.AspNetCore.WebUtilities.FileBufferingReadStream">
            <summary>
            A Stream that wraps another stream and enables rewinding by buffering the content as it is read.
            The content is buffered in memory up to a certain size and then spooled to a temp file on disk.
            The temp file will be deleted on Dispose.
            </summary>
        </member>
        <member name="T:Microsoft.AspNetCore.WebUtilities.FormReader">
            <summary>
            Used to read an 'application/x-www-form-urlencoded' form.
            </summary>
        </member>
        <member name="M:Microsoft.AspNetCore.WebUtilities.FormReader.ReadNextPair">
            <summary>
            Reads the next key value pair from the form.
            For unbuffered data use the async overload instead.
            </summary>
            <returns>The next key value pair, or null when the end of the form is reached.</returns>
        </member>
        <member name="M:Microsoft.AspNetCore.WebUtilities.FormReader.ReadNextPairAsync(System.Threading.CancellationToken)">
            <summary>
            Asynchronously reads the next key value pair from the form.
            </summary>
            <param name="cancellationToken"></param>
            <returns>The next key value pair, or null when the end of the form is reached.</returns>
        </member>
        <member name="M:Microsoft.AspNetCore.WebUtilities.FormReader.ReadForm(System.String)">
            <summary>
            Parses text from an HTTP form body.
            </summary>
            <param name="text">The HTTP form body to parse.</param>
            <returns>The collection containing the parsed HTTP form body.</returns>
        </member>
        <member name="M:Microsoft.AspNetCore.WebUtilities.FormReader.ReadFormAsync(System.IO.Stream,System.Threading.CancellationToken)">
            <summary>
            Parses an HTTP form body.
            </summary>
            <param name="stream">The HTTP form body to parse.</param>
            <param name="cancellationToken">The <see cref="T:System.Threading.CancellationToken"/>.</param>
            <returns>The collection containing the parsed HTTP form body.</returns>
        </member>
        <member name="M:Microsoft.AspNetCore.WebUtilities.FormReader.ReadFormAsync(System.IO.Stream,System.Text.Encoding,System.Threading.CancellationToken)">
            <summary>
            Parses an HTTP form body.
            </summary>
            <param name="stream">The HTTP form body to parse.</param>
            <param name="encoding">The character encoding to use.</param>
            <param name="cancellationToken">The <see cref="T:System.Threading.CancellationToken"/>.</param>
            <returns>The collection containing the parsed HTTP form body.</returns>
        </member>
        <member name="T:Microsoft.AspNetCore.WebUtilities.HttpResponseStreamWriter">
            <summary>
            Writes to the <see cref="T:System.IO.Stream"/> using the supplied <see cref="P:Microsoft.AspNetCore.WebUtilities.HttpResponseStreamWriter.Encoding"/>.
            It does not write the BOM and also does not close the stream.
            </summary>
        </member>
        <member name="F:Microsoft.AspNetCore.WebUtilities.HttpResponseStreamWriter.DefaultBufferSize">
            <summary>
            Default buffer size.
            </summary>
        </member>
        <member name="P:Microsoft.AspNetCore.WebUtilities.MultipartReader.HeaderLengthLimit">
            <summary>
            The limit for individual header lines inside a multipart section.
            </summary>
        </member>
        <member name="P:Microsoft.AspNetCore.WebUtilities.MultipartReader.TotalHeaderSizeLimit">
            <summary>
            The combined size limit for headers per multipart section.
            </summary>
        </member>
        <member name="M:Microsoft.AspNetCore.WebUtilities.MultipartReaderStream.#ctor(Microsoft.AspNetCore.WebUtilities.BufferedReadStream,Microsoft.AspNetCore.WebUtilities.MultipartBoundary)">
            <summary>
            Creates a stream that reads until it reaches the given boundary pattern.
            </summary>
            <param name="stream">The <see cref="T:Microsoft.AspNetCore.WebUtilities.BufferedReadStream"/>.</param>
            <param name="boundary">The boundary pattern to use.</param>
        </member>
        <member name="M:Microsoft.AspNetCore.WebUtilities.MultipartReaderStream.#ctor(Microsoft.AspNetCore.WebUtilities.BufferedReadStream,Microsoft.AspNetCore.WebUtilities.MultipartBoundary,System.Buffers.ArrayPool{System.Byte})">
            <summary>
            Creates a stream that reads until it reaches the given boundary pattern.
            </summary>
            <param name="stream">The <see cref="T:Microsoft.AspNetCore.WebUtilities.BufferedReadStream"/>.</param>
            <param name="boundary">The boundary pattern to use.</param>
            <param name="bytePool">The ArrayPool pool to use for temporary byte arrays.</param>
        </member>
        <member name="P:Microsoft.AspNetCore.WebUtilities.MultipartSection.BaseStreamOffset">
            <summary>
            The position where the body starts in the total multipart body.
            This may not be available if the total multipart body is not seekable.
            </summary>
        </member>
        <member name="M:Microsoft.AspNetCore.WebUtilities.QueryHelpers.AddQueryString(System.String,System.String,System.String)">
            <summary>
            Append the given query key and value to the URI.
            </summary>
            <param name="uri">The base URI.</param>
            <param name="name">The name of the query key.</param>
            <param name="value">The query value.</param>
            <returns>The combined result.</returns>
        </member>
        <member name="M:Microsoft.AspNetCore.WebUtilities.QueryHelpers.AddQueryString(System.String,System.Collections.Generic.IDictionary{System.String,System.String})">
            <summary>
            Append the given query keys and values to the uri.
            </summary>
            <param name="uri">The base uri.</param>
            <param name="queryString">A collection of name value query pairs to append.</param>
            <returns>The combined result.</returns>
        </member>
        <member name="M:Microsoft.AspNetCore.WebUtilities.QueryHelpers.ParseQuery(System.String)">
            <summary>
            Parse a query string into its component key and value parts.
            </summary>
            <param name="queryString">The raw query string value, with or without the leading '?'.</param>
            <returns>A collection of parsed keys and values.</returns>
        </member>
        <member name="M:Microsoft.AspNetCore.WebUtilities.QueryHelpers.ParseNullableQuery(System.String)">
            <summary>
            Parse a query string into its component key and value parts.
            </summary>
            <param name="queryString">The raw query string value, with or without the leading '?'.</param>
            <returns>A collection of parsed keys and values, null if there are no entries.</returns>
        </member>
        <member name="T:Microsoft.AspNetCore.WebUtilities.Resources">
            <summary>
               A strongly-typed resource class, for looking up localized strings, etc.
            </summary>
        </member>
        <member name="P:Microsoft.AspNetCore.WebUtilities.Resources.ResourceManager">
            <summary>
               Returns the cached ResourceManager instance used by this class.
            </summary>
        </member>
        <member name="P:Microsoft.AspNetCore.WebUtilities.Resources.Culture">
            <summary>
               Overrides the current thread's CurrentUICulture property for all
               resource lookups using this strongly typed resource class.
            </summary>
        </member>
        <member name="P:Microsoft.AspNetCore.WebUtilities.Resources.HttpRequestStreamReader_StreamNotReadable">
            <summary>
               Looks up a localized string similar to The stream must support reading..
            </summary>
        </member>
        <member name="P:Microsoft.AspNetCore.WebUtilities.Resources.HttpResponseStreamWriter_StreamNotWritable">
            <summary>
               Looks up a localized string similar to The stream must support writing..
            </summary>
        </member>
        <member name="P:Microsoft.AspNetCore.WebUtilities.Resources.WebEncoders_InvalidCountOffsetOrLength">
            <summary>
               Looks up a localized string similar to Invalid {0}, {1} or {2} length..
            </summary>
        </member>
        <member name="T:Microsoft.AspNetCore.WebUtilities.WebEncoders">
            <summary>
            Contains utility APIs to assist with common encoding and decoding operations.
            </summary>
        </member>
        <member name="M:Microsoft.AspNetCore.WebUtilities.WebEncoders.Base64UrlDecode(System.String)">
            <summary>
            Decodes a base64url-encoded string.
            </summary>
            <param name="input">The base64url-encoded input to decode.</param>
            <returns>The base64url-decoded form of the input.</returns>
            <remarks>
            The input must not contain any whitespace or padding characters.
            Throws <see cref="T:System.FormatException"/> if the input is malformed.
            </remarks>
        </member>
        <member name="M:Microsoft.AspNetCore.WebUtilities.WebEncoders.Base64UrlDecode(System.String,System.Int32,System.Int32)">
            <summary>
            Decodes a base64url-encoded substring of a given string.
            </summary>
            <param name="input">A string containing the base64url-encoded input to decode.</param>
            <param name="offset">The position in <paramref name="input"/> at which decoding should begin.</param>
            <param name="count">The number of characters in <paramref name="input"/> to decode.</param>
            <returns>The base64url-decoded form of the input.</returns>
            <remarks>
            The input must not contain any whitespace or padding characters.
            Throws <see cref="T:System.FormatException"/> if the input is malformed.
            </remarks>
        </member>
        <member name="M:Microsoft.AspNetCore.WebUtilities.WebEncoders.Base64UrlDecode(System.String,System.Int32,System.Char[],System.Int32,System.Int32)">
            <summary>
            Decodes a base64url-encoded <paramref name="input"/> into a <c>byte[]</c>.
            </summary>
            <param name="input">A string containing the base64url-encoded input to decode.</param>
            <param name="offset">The position in <paramref name="input"/> at which decoding should begin.</param>
            <param name="buffer">
            Scratch buffer to hold the <see cref="T:System.Char"/>s to decode. Array must be large enough to hold
            <paramref name="bufferOffset"/> and <paramref name="count"/> characters as well as Base64 padding
            characters. Content is not preserved.
            </param>
            <param name="bufferOffset">
            The offset into <paramref name="buffer"/> at which to begin writing the <see cref="T:System.Char"/>s to decode.
            </param>
            <param name="count">The number of characters in <paramref name="input"/> to decode.</param>
            <returns>The base64url-decoded form of the <paramref name="input"/>.</returns>
            <remarks>
            The input must not contain any whitespace or padding characters.
            Throws <see cref="T:System.FormatException"/> if the input is malformed.
            </remarks>
        </member>
        <member name="M:Microsoft.AspNetCore.WebUtilities.WebEncoders.GetArraySizeRequiredToDecode(System.Int32)">
            <summary>
            Gets the minimum <c>char[]</c> size required for decoding of <paramref name="count"/> characters
            with the <see cref="M:Microsoft.AspNetCore.WebUtilities.WebEncoders.Base64UrlDecode(System.String,System.Int32,System.Char[],System.Int32,System.Int32)"/> method.
            </summary>
            <param name="count">The number of characters to decode.</param>
            <returns>
            The minimum <c>char[]</c> size required for decoding  of <paramref name="count"/> characters.
            </returns>
        </member>
        <member name="M:Microsoft.AspNetCore.WebUtilities.WebEncoders.Base64UrlEncode(System.Byte[])">
            <summary>
            Encodes <paramref name="input"/> using base64url encoding.
            </summary>
            <param name="input">The binary input to encode.</param>
            <returns>The base64url-encoded form of <paramref name="input"/>.</returns>
        </member>
        <member name="M:Microsoft.AspNetCore.WebUtilities.WebEncoders.Base64UrlEncode(System.Byte[],System.Int32,System.Int32)">
            <summary>
            Encodes <paramref name="input"/> using base64url encoding.
            </summary>
            <param name="input">The binary input to encode.</param>
            <param name="offset">The offset into <paramref name="input"/> at which to begin encoding.</param>
            <param name="count">The number of bytes from <paramref name="input"/> to encode.</param>
            <returns>The base64url-encoded form of <paramref name="input"/>.</returns>
        </member>
        <member name="M:Microsoft.AspNetCore.WebUtilities.WebEncoders.Base64UrlEncode(System.Byte[],System.Int32,System.Char[],System.Int32,System.Int32)">
            <summary>
            Encodes <paramref name="input"/> using base64url encoding.
            </summary>
            <param name="input">The binary input to encode.</param>
            <param name="offset">The offset into <paramref name="input"/> at which to begin encoding.</param>
            <param name="output">
            Buffer to receive the base64url-encoded form of <paramref name="input"/>. Array must be large enough to
            hold <paramref name="outputOffset"/> characters and the full base64-encoded form of
            <paramref name="input"/>, including padding characters.
            </param>
            <param name="outputOffset">
            The offset into <paramref name="output"/> at which to begin writing the base64url-encoded form of
            <paramref name="input"/>.
            </param>
            <param name="count">The number of <c>byte</c>s from <paramref name="input"/> to encode.</param>
            <returns>
            The number of characters written to <paramref name="output"/>, less any padding characters.
            </returns>
        </member>
        <member name="M:Microsoft.AspNetCore.WebUtilities.WebEncoders.GetArraySizeRequiredToEncode(System.Int32)">
            <summary>
            Get the minimum output <c>char[]</c> size required for encoding <paramref name="count"/>
            <see cref="T:System.Byte"/>s with the <see cref="M:Microsoft.AspNetCore.WebUtilities.WebEncoders.Base64UrlEncode(System.Byte[],System.Int32,System.Char[],System.Int32,System.Int32)"/> method.
            </summary>
            <param name="count">The number of characters to encode.</param>
            <returns>
            The minimum output <c>char[]</c> size required for encoding <paramref name="count"/> <see cref="T:System.Byte"/>s.
            </returns>
        </member>
    </members>
</doc>
