<?xml version="1.0"?>
<doc>
    <assembly>
        <name>Microsoft.Extensions.Configuration.EnvironmentVariables</name>
    </assembly>
    <members>
        <member name="T:Microsoft.Extensions.Configuration.EnvironmentVariablesExtensions">
            <summary>
            Extension methods for registering <see cref="T:Microsoft.Extensions.Configuration.EnvironmentVariables.EnvironmentVariablesConfigurationProvider"/> with <see cref="T:Microsoft.Extensions.Configuration.IConfigurationBuilder"/>.
            </summary>
        </member>
        <member name="M:Microsoft.Extensions.Configuration.EnvironmentVariablesExtensions.AddEnvironmentVariables(Microsoft.Extensions.Configuration.IConfigurationBuilder)">
            <summary>
            Adds an <see cref="T:Microsoft.Extensions.Configuration.IConfigurationProvider"/> that reads configuration values from environment variables.
            </summary>
            <param name="configurationBuilder">The <see cref="T:Microsoft.Extensions.Configuration.IConfigurationBuilder"/> to add to.</param>
            <returns>The <see cref="T:Microsoft.Extensions.Configuration.IConfigurationBuilder"/>.</returns>
        </member>
        <member name="M:Microsoft.Extensions.Configuration.EnvironmentVariablesExtensions.AddEnvironmentVariables(Microsoft.Extensions.Configuration.IConfigurationBuilder,System.String)">
            <summary>
            Adds an <see cref="T:Microsoft.Extensions.Configuration.IConfigurationProvider"/> that reads configuration values from environment variables
            with a specified prefix.
            </summary>
            <param name="configurationBuilder">The <see cref="T:Microsoft.Extensions.Configuration.IConfigurationBuilder"/> to add to.</param>
            <param name="prefix">The prefix that environment variable names must start with.</param>
            <returns>The <see cref="T:Microsoft.Extensions.Configuration.IConfigurationBuilder"/>.</returns>
        </member>
    </members>
</doc>
