<?xml version="1.0"?>
<doc>
    <assembly>
        <name>Microsoft.Extensions.Configuration.Json</name>
    </assembly>
    <members>
        <member name="T:Microsoft.Extensions.Configuration.JsonConfigurationExtensions">
            <summary>
            Extension methods for adding <see cref="T:Microsoft.Extensions.Configuration.Json.JsonConfigurationProvider"/>.
            </summary>
        </member>
        <member name="M:Microsoft.Extensions.Configuration.JsonConfigurationExtensions.AddJsonFile(Microsoft.Extensions.Configuration.IConfigurationBuilder,System.String)">
            <summary>
            Adds the JSON configuration provider at <paramref name="path"/> to <paramref name="builder"/>.
            </summary>
            <param name="builder">The <see cref="T:Microsoft.Extensions.Configuration.IConfigurationBuilder"/> to add to.</param>
            <param name="path">Path relative to the base path stored in 
            <see cref="P:Microsoft.Extensions.Configuration.IConfigurationBuilder.Properties"/> of <paramref name="builder"/>.</param>
            <returns>The <see cref="T:Microsoft.Extensions.Configuration.IConfigurationBuilder"/>.</returns>
        </member>
        <member name="M:Microsoft.Extensions.Configuration.JsonConfigurationExtensions.AddJsonFile(Microsoft.Extensions.Configuration.IConfigurationBuilder,System.String,System.Boolean)">
            <summary>
            Adds the JSON configuration provider at <paramref name="path"/> to <paramref name="builder"/>.
            </summary>
            <param name="builder">The <see cref="T:Microsoft.Extensions.Configuration.IConfigurationBuilder"/> to add to.</param>
            <param name="path">Path relative to the base path stored in 
            <see cref="P:Microsoft.Extensions.Configuration.IConfigurationBuilder.Properties"/> of <paramref name="builder"/>.</param>
            <param name="optional">Whether the file is optional.</param>
            <returns>The <see cref="T:Microsoft.Extensions.Configuration.IConfigurationBuilder"/>.</returns>
        </member>
        <member name="M:Microsoft.Extensions.Configuration.JsonConfigurationExtensions.AddJsonFile(Microsoft.Extensions.Configuration.IConfigurationBuilder,System.Action{Microsoft.Extensions.Configuration.Json.JsonConfigurationSource})">
            <summary>
            Adds a JSON configuration source to <paramref name="builder"/>.
            </summary>
            <param name="builder">The <see cref="T:Microsoft.Extensions.Configuration.IConfigurationBuilder"/> to add to.</param>
            <param name="configureSource">Configures the <see cref="T:Microsoft.Extensions.Configuration.Json.JsonConfigurationSource"/> to add.</param>
            <returns>The <see cref="T:Microsoft.Extensions.Configuration.IConfigurationBuilder"/>.</returns>
        </member>
        <member name="T:Microsoft.Extensions.Configuration.Json.JsonConfigurationProvider">
            <summary>
            A JSON file based <see cref="T:Microsoft.Extensions.Configuration.FileConfigurationProvider"/>.
            </summary>
        </member>
        <member name="T:Microsoft.Extensions.Configuration.Json.JsonConfigurationSource">
            <summary>
            A JSON file based <see cref="T:Microsoft.Extensions.Configuration.FileConfigurationSource"/>.
            </summary>
        </member>
        <member name="P:Microsoft.Extensions.Configuration.Json.Resources.Error_FileNotFound">
            <summary>
            The configuration file '{0}' was not found and is not optional.
            </summary>
        </member>
        <member name="M:Microsoft.Extensions.Configuration.Json.Resources.FormatError_FileNotFound(System.Object)">
            <summary>
            The configuration file '{0}' was not found and is not optional.
            </summary>
        </member>
        <member name="P:Microsoft.Extensions.Configuration.Json.Resources.Error_InvalidFilePath">
            <summary>
            File path must be a non-empty string.
            </summary>
        </member>
        <member name="M:Microsoft.Extensions.Configuration.Json.Resources.FormatError_InvalidFilePath">
            <summary>
            File path must be a non-empty string.
            </summary>
        </member>
        <member name="P:Microsoft.Extensions.Configuration.Json.Resources.Error_JSONParseError">
            <summary>
            Could not parse the JSON file. Error on line number '{0}': '{1}'.
            </summary>
        </member>
        <member name="M:Microsoft.Extensions.Configuration.Json.Resources.FormatError_JSONParseError(System.Object,System.Object)">
            <summary>
            Could not parse the JSON file. Error on line number '{0}': '{1}'.
            </summary>
        </member>
        <member name="P:Microsoft.Extensions.Configuration.Json.Resources.Error_KeyIsDuplicated">
            <summary>
            A duplicate key '{0}' was found.
            </summary>
        </member>
        <member name="M:Microsoft.Extensions.Configuration.Json.Resources.FormatError_KeyIsDuplicated(System.Object)">
            <summary>
            A duplicate key '{0}' was found.
            </summary>
        </member>
        <member name="P:Microsoft.Extensions.Configuration.Json.Resources.Error_UnsupportedJSONToken">
            <summary>
            Unsupported JSON token '{0}' was found. Path '{1}', line {2} position {3}.
            </summary>
        </member>
        <member name="M:Microsoft.Extensions.Configuration.Json.Resources.FormatError_UnsupportedJSONToken(System.Object,System.Object,System.Object,System.Object)">
            <summary>
            Unsupported JSON token '{0}' was found. Path '{1}', line {2} position {3}.
            </summary>
        </member>
    </members>
</doc>
