<?xml version="1.0"?>
<doc>
    <assembly>
        <name>Microsoft.Extensions.Configuration.FileExtensions</name>
    </assembly>
    <members>
        <member name="M:Microsoft.Extensions.Configuration.FileConfigurationExtensions.SetFileProvider(Microsoft.Extensions.Configuration.IConfigurationBuilder,Microsoft.Extensions.FileProviders.IFileProvider)">
            <summary>
            Sets the default <see cref="T:Microsoft.Extensions.FileProviders.IFileProvider"/> to be used for file-based providers.
            </summary>
            <param name="builder">The <see cref="T:Microsoft.Extensions.Configuration.IConfigurationBuilder"/> to add to.</param>
            <param name="fileProvider">The default file provider instance.</param>
            <returns>The <see cref="T:Microsoft.Extensions.Configuration.IConfigurationBuilder"/>.</returns>
        </member>
        <member name="M:Microsoft.Extensions.Configuration.FileConfigurationExtensions.GetFileProvider(Microsoft.Extensions.Configuration.IConfigurationBuilder)">
            <summary>
            Gets the default <see cref="T:Microsoft.Extensions.FileProviders.IFileProvider"/> to be used for file-based providers.
            </summary>
            <param name="builder">The <see cref="T:Microsoft.Extensions.Configuration.IConfigurationBuilder"/>.</param>
            <returns>The <see cref="T:Microsoft.Extensions.Configuration.IConfigurationBuilder"/>.</returns>
        </member>
        <member name="M:Microsoft.Extensions.Configuration.FileConfigurationExtensions.SetBasePath(Microsoft.Extensions.Configuration.IConfigurationBuilder,System.String)">
            <summary>
            Sets the FileProvider for file-based providers to a PhysicalFileProvider with the base path.
            </summary>
            <param name="builder">The <see cref="T:Microsoft.Extensions.Configuration.IConfigurationBuilder"/> to add to.</param>
            <param name="basePath">The absolute path of file-based providers.</param>
            <returns>The <see cref="T:Microsoft.Extensions.Configuration.IConfigurationBuilder"/>.</returns>
        </member>
        <member name="T:Microsoft.Extensions.Configuration.FileConfigurationProvider">
            <summary>
            Base class for file based <see cref="T:Microsoft.Extensions.Configuration.ConfigurationProvider"/>.
            </summary>
        </member>
        <member name="M:Microsoft.Extensions.Configuration.FileConfigurationProvider.Load">
            <summary>
            Loads the contents of the file at <see cref="T:System.IO.Path"/>.
            </summary>
            <exception cref="T:System.IO.FileNotFoundException">If Optional is <c>false</c> on the source and a
            file does not exist at specified Path.</exception>
        </member>
        <member name="T:Microsoft.Extensions.Configuration.FileConfigurationSource">
            <summary>
            Represents a base class for file based <see cref="T:Microsoft.Extensions.Configuration.IConfigurationSource"/>.
            </summary>
        </member>
        <member name="P:Microsoft.Extensions.Configuration.FileConfigurationSource.FileProvider">
            <summary>
            Used to access the contents of the file.
            </summary>
        </member>
        <member name="P:Microsoft.Extensions.Configuration.FileConfigurationSource.Path">
            <summary>
            The path to the file.
            </summary>
        </member>
        <member name="P:Microsoft.Extensions.Configuration.FileConfigurationSource.Optional">
            <summary>
            Determines if loading the file is optional.
            </summary>
        </member>
        <member name="P:Microsoft.Extensions.Configuration.FileConfigurationSource.ReloadOnChange">
            <summary>
            Determines whether the source will be loaded if the underlying file changes.
            </summary>
        </member>
    </members>
</doc>
