<?xml version="1.0"?>
<doc>
    <assembly>
        <name>Microsoft.AspNetCore.Hosting</name>
    </assembly>
    <members>
        <member name="T:Microsoft.AspNetCore.Hosting.WebHostBuilder">
            <summary>
            A builder for <see cref="T:Microsoft.AspNetCore.Hosting.IWebHost"/>
            </summary>
        </member>
        <member name="M:Microsoft.AspNetCore.Hosting.WebHostBuilder.#ctor">
            <summary>
            Initializes a new instance of the <see cref="T:Microsoft.AspNetCore.Hosting.WebHostBuilder"/> class.
            </summary>
        </member>
        <member name="M:Microsoft.AspNetCore.Hosting.WebHostBuilder.UseSetting(System.String,System.String)">
            <summary>
            Add or replace a setting in the configuration.
            </summary>
            <param name="key">The key of the setting to add or replace.</param>
            <param name="value">The value of the setting to add or replace.</param>
            <returns>The <see cref="T:Microsoft.AspNetCore.Hosting.IWebHostBuilder"/>.</returns>
        </member>
        <member name="M:Microsoft.AspNetCore.Hosting.WebHostBuilder.GetSetting(System.String)">
            <summary>
            Get the setting value from the configuration.
            </summary>
            <param name="key">The key of the setting to look up.</param>
            <returns>The value the setting currently contains.</returns>
        </member>
        <member name="M:Microsoft.AspNetCore.Hosting.WebHostBuilder.UseLoggerFactory(Microsoft.Extensions.Logging.ILoggerFactory)">
            <summary>
            Specify the <see cref="T:Microsoft.Extensions.Logging.ILoggerFactory"/> to be used by the web host.
            </summary>
            <param name="loggerFactory">The <see cref="T:Microsoft.Extensions.Logging.ILoggerFactory"/> to be used.</param>
            <returns>The <see cref="T:Microsoft.AspNetCore.Hosting.IWebHostBuilder"/>.</returns>
        </member>
        <member name="M:Microsoft.AspNetCore.Hosting.WebHostBuilder.UseStartup(System.Type)">
            <summary>
            Specify the startup type to be used by the web host.
            </summary>
            <param name="startupType">The <see cref="T:System.Type"/> to be used.</param>
            <returns>The <see cref="T:Microsoft.AspNetCore.Hosting.IWebHostBuilder"/>.</returns>
        </member>
        <member name="M:Microsoft.AspNetCore.Hosting.WebHostBuilder.ConfigureServices(System.Action{Microsoft.Extensions.DependencyInjection.IServiceCollection})">
            <summary>
            Adds a delegate for configuring additional services for the host or web application. This may be called
            multiple times.
            </summary>
            <param name="configureServices">A delegate for configuring the <see cref="T:Microsoft.Extensions.DependencyInjection.IServiceCollection"/>.</param>
            <returns>The <see cref="T:Microsoft.AspNetCore.Hosting.IWebHostBuilder"/>.</returns>
        </member>
        <member name="M:Microsoft.AspNetCore.Hosting.WebHostBuilder.Configure(System.Action{Microsoft.AspNetCore.Builder.IApplicationBuilder})">
            <summary>
            Specify the startup method to be used to configure the web application.
            </summary>
            <param name="configureApp">The delegate that configures the <see cref="T:Microsoft.AspNetCore.Builder.IApplicationBuilder"/>.</param>
            <returns>The <see cref="T:Microsoft.AspNetCore.Hosting.IWebHostBuilder"/>.</returns>
        </member>
        <member name="M:Microsoft.AspNetCore.Hosting.WebHostBuilder.ConfigureLogging(System.Action{Microsoft.Extensions.Logging.ILoggerFactory})">
            <summary>
            Adds a delegate for configuring the provided <see cref="T:Microsoft.Extensions.Logging.ILoggerFactory"/>. This may be called multiple times.
            </summary>
            <param name="configureLogging">The delegate that configures the <see cref="T:Microsoft.Extensions.Logging.ILoggerFactory"/>.</param>
            <returns>The <see cref="T:Microsoft.AspNetCore.Hosting.IWebHostBuilder"/>.</returns>
        </member>
        <member name="M:Microsoft.AspNetCore.Hosting.WebHostBuilder.Build">
            <summary>
            Builds the required services and an <see cref="T:Microsoft.AspNetCore.Hosting.IWebHost"/> which hosts a web application.
            </summary>
        </member>
        <member name="M:Microsoft.AspNetCore.Hosting.WebHostBuilderExtensions.UseDefaultHostingConfiguration(Microsoft.AspNetCore.Hosting.IWebHostBuilder)">
            <summary>
            Use the default hosting configuration settings on the web host.
            </summary>
            <param name="hostBuilder">The <see cref="T:Microsoft.AspNetCore.Hosting.IWebHostBuilder"/> to configure.</param>
            <returns>The <see cref="T:Microsoft.AspNetCore.Hosting.IWebHostBuilder"/>.</returns>
        </member>
        <member name="M:Microsoft.AspNetCore.Hosting.WebHostBuilderExtensions.UseDefaultHostingConfiguration(Microsoft.AspNetCore.Hosting.IWebHostBuilder,System.String[])">
            <summary>
            Use the default hosting configuration settings on the web host and allow for override by command line arguments.
            </summary>
            <param name="hostBuilder">The <see cref="T:Microsoft.AspNetCore.Hosting.IWebHostBuilder"/> to configure.</param>
            <param name="args">The command line arguments used to override default settings.</param>
            <returns>The <see cref="T:Microsoft.AspNetCore.Hosting.IWebHostBuilder"/>.</returns>
        </member>
        <member name="M:Microsoft.AspNetCore.Hosting.WebHostBuilderExtensions.UseConfiguration(Microsoft.AspNetCore.Hosting.IWebHostBuilder,Microsoft.Extensions.Configuration.IConfiguration)">
            <summary>
            Use the given configuration settings on the web host.
            </summary>
            <param name="hostBuilder">The <see cref="T:Microsoft.AspNetCore.Hosting.IWebHostBuilder"/> to configure.</param>
            <param name="configuration">The <see cref="T:Microsoft.Extensions.Configuration.IConfiguration"/> containing settings to be used.</param>
            <returns>The <see cref="T:Microsoft.AspNetCore.Hosting.IWebHostBuilder"/>.</returns>
        </member>
        <member name="M:Microsoft.AspNetCore.Hosting.WebHostBuilderExtensions.CaptureStartupErrors(Microsoft.AspNetCore.Hosting.IWebHostBuilder,System.Boolean)">
            <summary>
            Set whether startup errors should be captured in the configuration settings of the web host.
            When enabled, startup exceptions will be caught and an error page will be returned. If disabled, startup exceptions will be propagated.
            </summary>
            <param name="hostBuilder">The <see cref="T:Microsoft.AspNetCore.Hosting.IWebHostBuilder"/> to configure.</param>
            <param name="captureStartupErrors"><c>true</c> to use startup error page; otherwise <c>false</c>.</param>
            <returns>The <see cref="T:Microsoft.AspNetCore.Hosting.IWebHostBuilder"/>.</returns>
        </member>
        <member name="M:Microsoft.AspNetCore.Hosting.WebHostBuilderExtensions.UseStartup``1(Microsoft.AspNetCore.Hosting.IWebHostBuilder)">
            <summary>
            Specify the startup type to be used by the web host.
            </summary>
            <param name="hostBuilder">The <see cref="T:Microsoft.AspNetCore.Hosting.IWebHostBuilder"/> to configure.</param>
            <typeparam name ="TStartup">The type containing the startup methods for the application.</typeparam>
            <returns>The <see cref="T:Microsoft.AspNetCore.Hosting.IWebHostBuilder"/>.</returns>
        </member>
        <member name="M:Microsoft.AspNetCore.Hosting.WebHostBuilderExtensions.UseStartup(Microsoft.AspNetCore.Hosting.IWebHostBuilder,System.String)">
            <summary>
            Specify the assembly containing the startup type to be used by the web host.
            </summary>
            <param name="hostBuilder">The <see cref="T:Microsoft.AspNetCore.Hosting.IWebHostBuilder"/> to configure.</param>
            <param name="startupAssemblyName">The name of the assembly containing the startup type.</param>
            <returns>The <see cref="T:Microsoft.AspNetCore.Hosting.IWebHostBuilder"/>.</returns>
        </member>
        <member name="M:Microsoft.AspNetCore.Hosting.WebHostBuilderExtensions.UseServer(Microsoft.AspNetCore.Hosting.IWebHostBuilder,System.String)">
            <summary>
            Specify the assembly containing the server to be used by the web host.
            </summary>
            <param name="hostBuilder">The <see cref="T:Microsoft.AspNetCore.Hosting.IWebHostBuilder"/> to configure.</param>
            <param name="assemblyName">The name of the assembly containing the server to be used.</param>
            <returns>The <see cref="T:Microsoft.AspNetCore.Hosting.IWebHostBuilder"/>.</returns>
        </member>
        <member name="M:Microsoft.AspNetCore.Hosting.WebHostBuilderExtensions.UseServer(Microsoft.AspNetCore.Hosting.IWebHostBuilder,Microsoft.AspNetCore.Hosting.Server.IServerFactory)">
            <summary>
            Specify the <see cref="T:Microsoft.AspNetCore.Hosting.Server.IServerFactory"/> to be used by the web host.
            </summary>
            <param name="hostBuilder">The <see cref="T:Microsoft.AspNetCore.Hosting.IWebHostBuilder"/> to configure.</param>
            <param name="factory">The <see cref="T:Microsoft.AspNetCore.Hosting.Server.IServerFactory"/> to be used.</param>
            <returns>The <see cref="T:Microsoft.AspNetCore.Hosting.IWebHostBuilder"/>.</returns>
        </member>
        <member name="M:Microsoft.AspNetCore.Hosting.WebHostBuilderExtensions.UseServer(Microsoft.AspNetCore.Hosting.IWebHostBuilder,Microsoft.AspNetCore.Hosting.Server.IServer)">
            <summary>
            Specify the server to be used by the web host.
            </summary>
            <param name="hostBuilder">The <see cref="T:Microsoft.AspNetCore.Hosting.IWebHostBuilder"/> to configure.</param>
            <param name="server">The <see cref="T:Microsoft.AspNetCore.Hosting.Server.IServer"/> to be used.</param>
            <returns>The <see cref="T:Microsoft.AspNetCore.Hosting.IWebHostBuilder"/>.</returns>
        </member>
        <member name="M:Microsoft.AspNetCore.Hosting.WebHostBuilderExtensions.UseEnvironment(Microsoft.AspNetCore.Hosting.IWebHostBuilder,System.String)">
            <summary>
            Specify the environment to be used by the web host.
            </summary>
            <param name="hostBuilder">The <see cref="T:Microsoft.AspNetCore.Hosting.IWebHostBuilder"/> to configure.</param>
            <param name="environment">The environment to host the application in.</param>
            <returns>The <see cref="T:Microsoft.AspNetCore.Hosting.IWebHostBuilder"/>.</returns>
        </member>
        <member name="M:Microsoft.AspNetCore.Hosting.WebHostBuilderExtensions.UseContentRoot(Microsoft.AspNetCore.Hosting.IWebHostBuilder,System.String)">
            <summary>
            Specify the content root directory to be used by the web host.
            </summary>
            <param name="hostBuilder">The <see cref="T:Microsoft.AspNetCore.Hosting.IWebHostBuilder"/> to configure.</param>
            <param name="contentRoot">Path to root directory of the application.</param>
            <returns>The <see cref="T:Microsoft.AspNetCore.Hosting.IWebHostBuilder"/>.</returns>
        </member>
        <member name="M:Microsoft.AspNetCore.Hosting.WebHostBuilderExtensions.UseWebRoot(Microsoft.AspNetCore.Hosting.IWebHostBuilder,System.String)">
            <summary>
            Specify the webroot directory to be used by the web host.
            </summary>
            <param name="hostBuilder">The <see cref="T:Microsoft.AspNetCore.Hosting.IWebHostBuilder"/> to configure.</param>
            <param name="webRoot">Path to the root directory used by the web server.</param>
            <returns>The <see cref="T:Microsoft.AspNetCore.Hosting.IWebHostBuilder"/>.</returns>
        </member>
        <member name="M:Microsoft.AspNetCore.Hosting.WebHostBuilderExtensions.UseUrls(Microsoft.AspNetCore.Hosting.IWebHostBuilder,System.String[])">
            <summary>
            Specify the urls the web host will listen on.
            </summary>
            <param name="hostBuilder">The <see cref="T:Microsoft.AspNetCore.Hosting.IWebHostBuilder"/> to configure.</param>
            <param name="urls">The urls the hosted application will listen on.</param>
            <returns>The <see cref="T:Microsoft.AspNetCore.Hosting.IWebHostBuilder"/>.</returns>
        </member>
        <member name="M:Microsoft.AspNetCore.Hosting.WebHostBuilderExtensions.Start(Microsoft.AspNetCore.Hosting.IWebHostBuilder,System.String[])">
            <summary>
            Start the web host and listen on the speficied urls.
            </summary>
            <param name="hostBuilder">The <see cref="T:Microsoft.AspNetCore.Hosting.IWebHostBuilder"/> to start.</param>
            <param name="urls">The urls the hosted application will listen on.</param>
            <returns>The <see cref="T:Microsoft.AspNetCore.Hosting.IWebHostBuilder"/>.</returns>
        </member>
        <member name="M:Microsoft.AspNetCore.Hosting.WebHostExtensions.Run(Microsoft.AspNetCore.Hosting.IWebHost)">
            <summary>
            Runs a web application and block the calling thread until host shutdown.
            </summary>
            <param name="host">The <see cref="T:Microsoft.AspNetCore.Hosting.IWebHost"/> to run.</param>
        </member>
        <member name="M:Microsoft.AspNetCore.Hosting.WebHostExtensions.Run(Microsoft.AspNetCore.Hosting.IWebHost,System.Threading.CancellationToken)">
            <summary>
            Runs a web application and block the calling thread until token is triggered or shutdown is triggered.
            </summary>
            <param name="host">The <see cref="T:Microsoft.AspNetCore.Hosting.IWebHost"/> to run.</param>
            <param name="token">The token to trigger shutdown.</param>
        </member>
        <member name="T:Microsoft.AspNetCore.Hosting.Internal.ApplicationLifetime">
            <summary>
            Allows consumers to perform cleanup during a graceful shutdown.
            </summary>
        </member>
        <member name="P:Microsoft.AspNetCore.Hosting.Internal.ApplicationLifetime.ApplicationStarted">
            <summary>
            Triggered when the application host has fully started and is about to wait
            for a graceful shutdown.
            </summary>
        </member>
        <member name="P:Microsoft.AspNetCore.Hosting.Internal.ApplicationLifetime.ApplicationStopping">
            <summary>
            Triggered when the application host is performing a graceful shutdown.
            Request may still be in flight. Shutdown will block until this event completes.
            </summary>
        </member>
        <member name="P:Microsoft.AspNetCore.Hosting.Internal.ApplicationLifetime.ApplicationStopped">
            <summary>
            Triggered when the application host is performing a graceful shutdown.
            All requests should be complete at this point. Shutdown will block
            until this event completes.
            </summary>
        </member>
        <member name="M:Microsoft.AspNetCore.Hosting.Internal.ApplicationLifetime.StopApplication">
            <summary>
            Signals the ApplicationStopping event and blocks until it completes.
            </summary>
        </member>
        <member name="M:Microsoft.AspNetCore.Hosting.Internal.ApplicationLifetime.NotifyStarted">
            <summary>
            Signals the ApplicationStarted event and blocks until it completes.
            </summary>
        </member>
        <member name="M:Microsoft.AspNetCore.Hosting.Internal.ApplicationLifetime.NotifyStopped">
            <summary>
            Signals the ApplicationStopped event and blocks until it completes.
            </summary>
        </member>
    </members>
</doc>
